0.746700997748121,0.768254990012792,0.746700997748121,0.783525314756844,0.746700997748121
0.88719396241504,0.984669665027468,0.88719396241504,0.984669665027468,0.88719396241504
1,0.99491209541884,0.99491209541884,1,0.99491209541884
0.882699833273364,0.868672438060457,0.884432849496079,0.868672438060457,0.868672438060457
0.707293622086581,0.895449141949939,0.707293622086581,0.707293622086581,0.817129269351426
0.750634427917248,0.883044178503042,0.750634427917248,0.883044178503042,0.750634427917248
0.963889943224785,0.952860456316557,0.815559195332753,0.815559195332753,0.815559195332753
0.902442212645838,0.902442212645838,0.994708507198084,0.902442212645838,0.902442212645838
0.999085107170686,0.999877893911616,0.999085107170686,0.999085107170686,1
0.937136349304637,0.835398066767084,0.835398066767084,0.835398066767084,0.835398066767084
0.691666666672972,0.691666666672972,0.691666666672972,1,0.87174202127062
0.959512326378899,0.956180609318835,0.959512326378899,0.956180609318835,0.956180609318835
0.863178630104812,0.863178630104812,0.967698661574104,0.887007334087684,0.863178630104812
0.999947045747831,1,0.999947045747831,0.999947045747831,1
0.942912905586127,0.895664264236984,0.961141634856176,0.895664264236984,0.895664264236984
0.898383892177662,0.898383892177662,0.898383892177662,0.975088664687064,0.925606422133569
0.728005879871489,0.91512872432213,0.728005879871489,0.728005879871489,0.84765462847281
0.954537580670149,0.998390596527315,0.954537580670149,0.954537580670149,0.954537580670149
1,0.97526334477152,0.97526334477152,0.97526334477152,0.981474254112982
0.839955825991638,0.839955825991638,0.839955825991638,0.871246072063514,0.839955825991638
0.962188736906683,1,0.962188736906683,0.962188736906683,0.962188736906683
0.942464393963746,0.864112519971968,0.864112519971968,0.872631842612464,0.864112519971968
0.894243150476541,0.894243150476541,0.894243150476541,0.897203559572517,0.902616631872661
0.901275867865479,0.891999477949867,0.891999477949867,0.901275867865479,0.891999477949867
0.798900284200499,0.798900284200499,0.92611339949508,0.798900284200499,0.818556661753973
1,0.971399027468578,0.971399027468578,0.971399027468578,0.995770482106309
0.912325977646105,1,0.912325977646105,0.912325977646105,0.912325977646105
0.818143835851515,0.843564356437128,0.744632671201543,0.744632671201543,0.744632671201543
0.9856113187343,0.853686053123965,0.853686053123965,0.853686053123965,0.853686053123965
0.603921779802477,0.603921779802477,0.603921779802477,0.795646884587768,0.603921779802477
0.938144592648314,0.949154702240776,0.938144592648314,0.940897858316021,0.938144592648314
0.887047182193783,0.953839374247764,0.99564862659463,0.887047182193783,0.887047182193783
0.850475139573973,0.781149119524343,0.781149119524343,0.781149119524343,0.781149119524343
0.940665561596688,0.940665561596688,0.940665561596688,0.940665561596688,0.964421760763798
0.408626879063377,0.790204880839156,0.408626879063377,0.408626879063377,0.408626879063377
0.782957427851215,0.945385693026765,0.782957427851215,0.782957427851215,0.858994191650709
0.976744186053111,0.976744186053111,0.996826228751161,0.976744186053111,0.976744186053111
0.925814703594369,0.982390203622344,0.925814703594369,0.925814703594369,0.958493662292312
0.676203702045314,0.676203702045314,0.854034440118994,0.676203702045314,0.844202209504147
0.933271665977372,0.933271665977372,0.848651250176772,0.848651250176772,0.848651250176772
0.677639841560449,0.735990553665033,0.677639841560449,0.893602927964821,0.677639841560449
0.773634768709599,0.773634768709599,0.773634768709599,0.781283173062548,0.804763335640018
0.733135578433576,0.733135578433576,0.733135578433576,0.733135578433576,0.94089396349591
1,1,1,1,1
0.927122625340417,0.894755492561671,0.894755492561671,0.894755492561671,0.894755492561671
0.757736408770143,0.915924330802227,0.757736408770143,0.757736408770143,0.915924330802227
0.900927463539119,0.900927463539119,0.900927463539119,0.946080591042119,0.95299464152049
0.69635439049307,0.69635439049307,0.90589957798511,0.69635439049307,0.758069308569247
0.903148718010925,0.892654965391557,0.892654965391557,0.89316836148646,0.892654965391557
0.889774336777919,0.802737988262379,0.802737988262379,0.802737988262379,0.876513044284366
0.86426679133001,0.86426679133001,0.86426679133001,0.993760785881022,0.939996878900274
0.987510278275295,1,0.987510278275295,1,0.987510278275295
1,1,0.99938019374531,0.99938019374531,0.99938019374531
0.910174853612261,0.88425537506555,0.88425537506555,0.88425537506555,0.923326146490581
0.94510565946257,1,0.94510565946257,0.94510565946257,0.999976525046804
0.944136645652179,0.757789200382831,0.757789200382831,0.757789200382831,0.757789200382831
1,1,1,1,1
1,0.979914438496053,0.979914438496053,0.980061051399389,0.979914438496053
1,1,1,1,1
1,1,1,1,1
0.990549619098601,0.892221540976607,0.793100347429572,0.793100347429572,0.793100347429572
0.876919527065184,0.922108229489822,0.876919527065184,0.876919527065184,0.91832151820563
0.597599297681882,0.93349020693131,0.597599297681882,0.890745743548905,0.597599297681882
0.612060067876882,0.84958879363694,0.612060067876882,0.612060067876882,0.727839707520616
0.846829955284193,0.996883416148194,0.846829955284193,0.846829955284193,0.850315108727955
0.777310317040246,0.777310317040246,0.829579808159906,0.777310317040246,0.879499866066908
1,1,1,1,1
0.968982339538343,0.851301234863058,0.851301234863058,0.902457664611575,0.851301234863058
0.739355966092262,0.997921128895541,0.739355966092262,0.739355966092262,0.739355966092262
1,1,1,1,1
0.615053557768988,0.923422952189867,0.615053557768988,0.615053557768988,0.940353655321815
0.990771949880582,0.975471068966726,0.975471068966726,0.990771949880582,0.975471068966726
0.771712962967285,0.594137834959838,0.594137834959838,0.684159133139474,0.594137834959838
0.635344342277676,0.635344342277676,0.995508141488244,0.635344342277676,0.995508141488244
1,1,1,1,1
1,1,1,1,1
1,0.994862612184079,0.994862612184079,1,0.994862612184079
1,1,1,1,1
0.945293103046424,0.855916014108516,0.855916014108516,0.945880914303416,0.855916014108516
0.881167656938487,0.883903542235203,0.883903542235203,0.881167656938487,0.881167656938487
1,0.966517482163908,0.966517482163908,0.966517482163908,0.971043163219292
1,1,1,1,1
0.745931566874788,0.290998766948178,0.290998766948178,0.332695462006086,0.290998766948178
0.466079520068888,0.720215449058742,0.341401273886731,0.341401273886731,0.341401273886731
0.87743352184043,0.923373182151408,0.923373182151408,0.87743352184043,0.87743352184043
0.497701149426575,0.497701149426575,0.647189542483829,0.497701149426575,0.497701149426575
0.343267108160944,0.346578366450558,0.372119815663609,0.343267108160944,0.343267108160944
0.662035623412521,0.662035623412521,0.863544973552052,0.662035623412521,0.752910052913649
0.840984922899224,0.840984922899224,0.840984922899224,0.993080510736036,0.840984922899224
1,1,1,1,1
0.977951566535921,1,0.977951566535921,1,0.977951566535921
1,0.994888526380237,0.99494831921038,0.994888526380237,0.994888526380237
0.676790137258649,0.694296233057685,0.673437994679261,0.673437994679261,0.673437994679261
1,0.948511904767656,0.859245802093938,0.859245802093938,0.859245802093938
0.99467488789378,1,1,0.99467488789378,0.99467488789378
0.735945364322106,0.799146663710417,0.735945364322106,0.735945364322106,0.855252286004543
1,1,1,1,1
0.879324286761403,0.879324286761403,0.879324286761403,0.97516318072303,0.90547501322726
0.997230269764259,0.997230269764259,1,0.997230269764259,0.997230269764259
0.985724798076262,0.985724798076262,0.985724798076262,1,1
0.976589356425393,0.929788745379483,0.976589356425393,0.929788745379483,0.929788745379483
0.961022140276327,0.967248790482699,0.956939997857262,0.956939997857262,0.956939997857262
0.529247815902636,0.529247815902636,0.529247815902636,0.529247815902636,0.700056214678625
0.759842197781836,0.712611324714089,0.712611324714089,0.712611324714089,0.852174070001638
0.926161175062589,0.856347638233274,0.827929954561114,0.827929954561114,0.827929954561114
0.973831136776425,0.985553319922474,0.973831136776425,0.985553319922474,0.973831136776425
0.943428017933911,0.955139395860897,0.943428017933911,0.955139395860897,0.943428017933911
0.928939893048664,0.992449670338829,0.928939893048664,0.962353901479219,0.928939893048664
0.993638321633625,0.993638321633625,0.995913378916157,1,0.993638321633625
0.81975957328541,0.890216310428514,0.890216310428514,0.81975957328541,0.81975957328541
0.556221784434456,0.556221784434456,0.556221784434456,0.607745378460095,0.927267912709794
0.6806312320914,0.802618169465859,0.6806312320914,0.806768814763927,0.6806312320914
0.977676066737331,0.989075630255684,0.989075630255684,0.977676066737331,0.977676066737331
0.610357645164186,0.610357645164186,0.610357645164186,0.802398450694454,0.795824634660676
0.925394986239553,0.925394986239553,0.942114602272341,0.925394986239553,0.957530303792737
0.590761841980566,0.590761841980566,0.654017037719314,0.590761841980566,0.64491948394425
0.256709451576171,0.364842454400787,0.557616486061306,0.256709451576171,0.256709451576171
0.864654613767925,0.898582354762766,0.898582354762766,0.864654613767925,0.864654613767925
0.988530207388976,1,0.954677613794047,0.954677613794047,0.954677613794047
0.917604190392012,0.99755878526048,0.917604190392012,1,0.917604190392012
0.862437857656914,0.852413793101732,0.741928637311503,0.741928637311503,0.741928637311503
1,1,1,1,1
1,1,1,1,1
1,1,1,1,1
0.860178236856882,0.860178236856882,0.902030229095544,0.860178236856882,0.917344893874542
0.934566761898168,0.934566761898168,0.959527824619727,0.934566761898168,0.976079316846153
0.760020822483057,0.723581467980694,0.723581467980694,0.895118035077758,0.723581467980694
0.952793417069188,0.962816846287751,0.952793417069188,0.955664153902035,0.952793417069188
0.900143563565507,1,0.900143563565507,0.900143563565507,0.900143563565507
1,1,1,1,1
0.981560283682484,0.984104189359641,0.9886524822723,0.981560283682484,0.981560283682484
0.907482918373717,0.907482918373717,0.938997626893979,0.907482918373717,0.907482918373717
0.992944956691645,0.794059159838071,0.714219845081971,0.714219845081971,0.714219845081971
0.892289815448748,0.828589471791929,0.828589471791929,0.828589471791929,0.828589471791929
0.828707239146752,0.828707239146752,0.828707239146752,0.939698720168963,0.888251116768515
0.907080975834106,0.961880343027588,0.907080975834106,0.943741677758226,0.907080975834106
0.997326407457876,0.995552008178493,0.969671610037039,0.969671610037039,0.969671610037039
0.985540775007394,0.989096402212454,0.985540775007394,0.986719393469684,0.985540775007394
0.882198553423223,0.724490762666392,0.724490762666392,0.724490762666392,0.753496499812172
0.785467920497467,0.785467920497467,0.785467920497467,0.839448978113069,0.839448978113069
1,1,1,1,1
1,1,1,1,1
0.402279595327855,0.402279595327855,0.54324477105547,0.402279595327855,0.498499738045211
0.904287326069607,0.904287326069607,0.904287326069607,1,1
0.951776302557846,0.826258095308731,0.826258095308731,0.826258095308731,0.941280289676797
0.799344853898219,0.923426415807626,0.799344853898219,0.799344853898219,0.835195361119986
0.512651095479669,0.777130325011967,0.512651095479669,0.799304374602798,0.512651095479669
0.905313587085402,0.905313587085402,0.927896147877618,0.905313587085402,0.923318068300432
1,1,1,1,1
0.796601772344729,0.796601772344729,0.796601772344729,0.903992227518756,0.869167373915843
0.899866606174328,0.844107084551069,0.899866606174328,0.844107084551069,0.844107084551069
0.970282806789328,0.987076333018194,1,0.970282806789328,0.970282806789328
0.973778199513617,0.969645258628589,0.969645258628589,0.969645258628589,1
0.932980768462585,0.932980768462585,0.974014037426969,0.932980768462585,0.981645473810204
0.599170764638984,0.709574775821238,0.599170764638984,0.772798672849603,0.599170764638984
1,0.927252488218073,0.927252488218073,0.927252488218073,0.927252488218073
0.931142261797504,0.931142261797504,0.934476264686964,0.931142261797504,0.964608091431728
1,0.993118829392188,0.952253379386093,0.952253379386093,0.952253379386093
0.910626934804895,0.910626934804895,0.910626934804895,0.998039576057636,0.988810643473698
0.872573149179516,0.913769015831349,0.872573149179516,0.872573149179516,0.872573149179516
0.999554521818936,0.999554521818936,1,0.999554521818936,0.999554521818936
1,1,1,1,1
1,0.907397205861344,0.960351745110529,0.907397205861344,0.907397205861344
1,1,1,1,1
0.943181818183803,0.999516012896493,0.943181818183803,0.999516012896493,0.943181818183803
0.682725934100745,0.667430517212779,0.667430517212779,0.890665116945456,0.667430517212779
0.964762199851975,0.882686223056226,0.882686223056226,0.964762199851975,0.882686223056226
0.97590023327939,1,0.97590023327939,0.97590023327939,0.97590023327939
1,0.997773673698248,0.997773673698248,1,0.997773673698248
0.767519482316857,0.733622899460897,0.952767153248715,0.733622899460897,0.733622899460897
0.8906738812002,0.525987651075411,0.525987651075411,0.525987651075411,0.781223912701535
0.6841886143593,0.760443579252751,0.868063343943504,0.6841886143593,0.6841886143593
1,1,1,1,1
0.745031229562301,0.745031229562301,0.745031229562301,0.745031229562301,0.758534365049854
0.478207323649258,0.824457737755438,0.478207323649258,0.478207323649258,0.582060725479096
0.999873513173952,1,1,0.999873513173952,0.999873513173952
1,0.770733217221277,0.770733217221277,0.770733217221277,0.770733217221277
0.720689796195074,0.628593265682866,0.628593265682866,0.628593265682866,0.632091419298376
0.844600918040669,0.929282537465042,0.826967925160716,0.826967925160716,0.826967925160716
0.985526193479018,0.850024389881582,0.850024389881582,0.850024389881582,0.985526193479018
1,1,1,1,1
0.482781554826943,0.294627383009356,0.775984009836975,0.294627383009356,0.294627383009356
0.836809068197908,0.817749603804259,0.817749603804259,0.817749603804259,0.873992100699979
0.985202823365398,0.985202823365398,0.985202823365398,0.985202823365398,0.994310998728906
0.84137514167378,0.913983643775282,0.84137514167378,0.867982109972218,0.84137514167378
0.625368731569324,0.625368731569324,0.711716079407779,0.625368731569324,0.730046948352538
0.877354618663958,0.877354618663958,0.877354618663958,0.90584446106368,0.925581583847816
0.963680602952081,0.968494336273579,0.963680602952081,0.968494336273579,0.963680602952081
0.985449328822142,0.985449328822142,0.985449328822142,0.985449328822142,1
0.744143628246093,0.744143628246093,0.744143628246093,0.744143628246093,0.822909863512905
0.848823251733847,0.848823251733847,0.968076118828321,0.848823251733847,0.968076118828321
1,0.998003147971758,0.991809338163876,0.991809338163876,0.991809338163876
1,1,1,1,1
1,1,0.989828292651509,0.989828292651509,0.989828292651509
0.905995879867987,0.819081523244677,0.819081523244677,0.819081523244677,0.999520100092923
0.567383946567134,0.838610187020095,0.567383946567134,0.567383946567134,0.567383946567134
0.874184332693403,0.930506413096737,0.824713764544867,0.824713764544867,0.824713764544867
1,1,1,1,1
0.669631999997364,0.669631999997364,0.742807567447016,0.719434351376549,0.669631999997364
0.722607927287754,0.722607927287754,0.722607927287754,0.927215772993804,0.722607927287754
1,0.917875874125457,0.941573218551639,0.917875874125457,0.917875874125457
0.880986710129946,0.774009130946069,0.774009130946069,0.863099540372787,0.774009130946069
0.76058394159918,0.76058394159918,0.76058394159918,0.779843347212591,0.787732728473202
0.916564115184883,0.876357084627671,0.876357084627671,0.876357084627671,0.876357084627671
0.939257537880621,0.939257537880621,1,1,0.939257537880621
1,0.996330868387304,0.996330868387304,0.996330868387304,1
0.837583950276894,0.983737043578003,0.837583950276894,0.895524034676782,0.837583950276894
0.769474877226457,0.769474877226457,0.769474877226457,0.894083478757238,0.961239138654491
1,0.998251543445804,1,0.998251543445804,0.998251543445804
0.81539058234921,0.919558614572452,0.81539058234921,0.961851216568903,0.81539058234921
0.995035298903531,0.832469775479694,0.832469775479694,0.842138024359883,0.832469775479694
0.936552477091027,0.94761949142412,0.936552477091027,0.936552477091027,0.94761949142412
1,1,1,1,1
1,1,1,1,1
0.822347473549598,0.840695866623719,0.729563614011568,0.729563614011568,0.729563614011568
1,1,1,1,1
0.998246730850951,0.992657856091682,0.992657856091682,0.998246730850951,0.992657856091682
0.997693574965524,0.997693574965524,1,0.997693574965524,1
0.819694699537649,0.819694699537649,0.949584294889064,0.819694699537649,0.982426758688234
0.89249312053289,0.89249312053289,0.92141704280948,0.89249312053289,0.89249312053289
0.863012055044237,0.897665369651804,0.870576646200789,0.863012055044237,0.863012055044237
0.60938431352406,0.60938431352406,0.686298757580516,0.60938431352406,0.974464583072404
0.878708644617291,0.878708644617291,0.964033794145507,0.974403771695506,0.878708644617291
0.998164137512504,0.998164137512504,0.998164137512504,0.998164137512504,1
0.857084231050976,0.970027962255699,0.857084231050976,0.857084231050976,0.857084231050976
0.686482864250138,0.880048069469922,0.80308365343808,0.686482864250138,0.686482864250138
1,1,1,1,1
0.994652899426001,0.994652899426001,1,1,0.994652899426001
1,1,1,1,1
0.817960848282382,0.816677279370197,0.886543655775313,0.816677279370197,0.816677279370197
0.953767595921818,0.953133047216397,0.953767595921818,0.953133047216397,0.953133047216397
1,1,1,1,1
0.614388755311666,0.614388755311666,0.758273604100395,0.614388755311666,0.721616464499675
0.917470294465602,0.93812025491934,0.917470294465602,0.917470294465602,0.93812025491934
0.95817297706526,0.981904538923118,0.924418604648963,0.924418604648963,0.924418604648963
0.986253167873656,0.955238095244567,0.955238095244567,1,0.955238095244567
0.940794963207736,0.940794963207736,0.940794963207736,0.963632890117879,0.994728531084547
1,0.993734986252093,1,0.993734986252093,0.993734986252093
0.980160778817663,0.991517382986785,0.980160778817663,0.980160778817663,0.997491933427227
0.877306779984792,0.877306779984792,0.998225791387085,0.998225791387085,0.877306779984792
0.856331433496962,0.958936424874992,0.870112623750174,0.856331433496962,0.856331433496962
0.948334798325959,0.948334798325959,0.971499106839474,0.948334798325959,0.971499106839474
1,0.967486748668307,0.967486748668307,0.967486748668307,0.980985337788297
0.808182123895676,0.950182891196164,0.803494436397159,0.803494436397159,0.803494436397159
0.948962493050203,0.948962493050203,0.948962493050203,0.990373691158311,0.998439288312511
1,1,1,1,1
0.964537627944082,1,1,0.964537627944082,0.964537627944082
0.999459589285834,0.997413024080743,0.997413024080743,0.999219406752673,0.997413024080743
0.984684337592626,0.913691376706993,0.984684337592626,0.913691376706993,0.913691376706993
1,1,1,1,1
1,0.998022867781401,1,0.998022867781401,0.998022867781401
0.98304523742263,0.98304523742263,0.98304523742263,0.987645648281614,0.98304523742263
0.598592992922931,0.598592992922931,0.776421636612213,0.598592992922931,0.598592992922931
0.917360645042208,0.917360645042208,0.943656401992484,1,0.917360645042208
0.926453688800393,0.962215458675928,0.960557923281158,0.926453688800393,0.926453688800393
0.992114875924017,0.992114875924017,1,0.992114875924017,1
1,1,1,1,1
1,0.997814078022202,0.997814078022202,1,0.997814078022202
0.984221156271815,0.963643275659706,0.963643275659706,0.972873491416976,0.963643275659706
0.966303035100282,0.891761864222644,1,0.891761864222644,0.891761864222644
0.988201322696113,0.663115253897558,0.663115253897558,0.663115253897558,0.663115253897558
0.994151697792404,0.987443242956942,0.987443242956942,0.987443242956942,0.987443242956942
1,0.984064810276323,0.984064810276323,1,0.984064810276323
1,1,1,1,1
0.975073683926894,1,0.93807946616289,0.93807946616289,0.93807946616289
0.985699536242464,1,0.985699536242464,0.985699536242464,1
1,1,1,1,1
1,1,1,1,1
1,1,1,1,1
0.866281962000357,0.845696884403878,0.845696884403878,0.866281962000357,0.845696884403878
1,1,0.998300116443716,0.998300116443716,0.998300116443716
0.763400511910731,0.763400511910731,0.951865013288625,0.763400511910731,1
0.993420930019056,0.997821933175146,0.993420930019056,1,0.993420930019056
0.743732399198052,0.743732399198052,0.971248038542399,0.880123774863023,0.743732399198052
0.909034379299555,0.909034379299555,0.638682040480489,0.638682040480489,0.638682040480489
0.893505643711251,0.819278020710044,0.819278020710044,0.901169557597314,0.819278020710044
0.95417690785689,0.899369936996663,0.899369936996663,0.899369936996663,0.899369936996663
0.998772258833924,0.981561513683118,0.981561513683118,0.981561513683118,0.998772258833924
1,0.941931050278072,0.941931050278072,1,0.941931050278072
0.760405775807158,0.996417570924677,0.760405775807158,0.851968664159358,0.760405775807158
1,0.998191038634104,1,0.998191038634104,0.998191038634104
0.980961196772114,0.974733619928884,0.974733619928884,0.980961196772114,0.974733619928884
0.619756191277702,0.619756191277702,0.619756191277702,0.619756191277702,0.929230769230344
0.876499285142927,0.876499285142927,0.916810764079855,0.876499285142927,0.916810764079855
1,1,1,1,1
1,0.923409614792035,1,0.923409614792035,0.923409614792035
0.924327176784573,0.924327176784573,0.999120621425391,0.983963338418107,0.924327176784573
0.857813722926949,0.857813722926949,0.867945622834668,0.857813722926949,0.867945622834668
0.785731571995711,0.785731571995711,0.838102409637941,0.936588451811986,0.785731571995711
0.745798044234107,0.714396292001766,0.749571289845335,0.714396292001766,0.714396292001766
1,1,1,1,1
1,1,1,1,1
0.892990945991187,0.892990945991187,0.937567940018198,0.892990945991187,0.937567940018198
0.815438253594039,0.866287609205756,0.859603914439504,0.815438253594039,0.815438253594039
0.909201723690785,0.937066400023468,0.909201723690785,0.909201723690785,0.972000927336921
0.932038590071897,0.930736016081937,0.932038590071897,0.930736016081937,0.930736016081937
0.993340846231149,0.993340846231149,0.993340846231149,1,0.993340846231149
0.997854806359101,0.997854806359101,1,0.997854806359101,0.997854806359101
0.993312528436945,0.991316137784452,0.993312528436945,0.991316137784452,0.991316137784452
1,1,1,1,1
1,0.939874805531872,0.939874805531872,0.939874805531872,0.939874805531872
1,1,1,1,1
0.804283914323605,0.804283914323605,0.827708562057524,0.804283914323605,0.827708562057524
0.93811724412808,0.929826452520501,0.943183455085091,0.929826452520501,0.929826452520501
0.984066922632337,0.984066922632337,1,0.984066922632337,1
0.96293785310263,0.929945726798906,0.929945726798906,0.929945726798906,0.991395372468105
0.987850846380752,0.987850846380752,0.987850846380752,1,1
0.923709282018535,0.881503759395855,0.881503759395855,0.923709282018535,0.881503759395855
0.988716771847976,0.988649862563761,0.988649862563761,0.988649862563761,0.988716771847976
0.805741399024555,0.637320561210799,0.637320561210799,0.785386735260545,0.637320561210799
1,1,1,1,1
0.993375944213767,1,0.991513004111766,0.991513004111766,0.991513004111766
0.997079867091088,0.999038225803815,0.997079867091088,1,0.997079867091088
0.885424042986415,0.663938753954426,0.663938753954426,0.663938753954426,0.672560242055624
1,0.99341692285816,0.99341692285816,0.99341692285816,1
1,0.998727927122673,0.998727927122673,0.998727927122673,1
1,1,1,1,1
0.785161610001524,0.754459521274839,0.754459521274839,0.754459521274839,0.854120019175753
0.899947095684183,0.899947095684183,0.93085572792188,0.93085572792188,0.899947095684183
0.85958381061937,0.85958381061937,0.92876983849419,0.85958381061937,0.85958381061937
1,1,1,1,1
0.710039450415934,0.869788373012852,0.710039450415934,0.710039450415934,0.710039450415934
0.730763056672004,0.730763056672004,0.730763056672004,0.914043875389325,0.87518754829216
0.804195804194023,0.846823271662288,0.87219370627281,0.834159006808477,0.804195804194023
1,1,1,1,1
0.961321181930543,1,0.961321181930543,1,0.961321181930543
0.660382864480198,0.660382864480198,0.660382864480198,0.79193564083107,0.660382864480198
0.993486700674111,0.989000488632882,0.989000488632882,0.989000488632882,0.993486700674111
0.821091950689151,0.821091950689151,0.821091950689151,0.952797573634598,0.821091950689151
0.973880549463502,0.890568874783639,0.973880549463502,0.890568874783639,0.890568874783639
1,1,1,1,1
0.927465715758444,0.927465715758444,1,1,0.927465715758444
0.874035346241726,0.874035346241726,0.934332700468076,0.986737524690398,0.874035346241726
0.862919385494024,0.862919385494024,0.981872861251759,0.874815713446878,0.862919385494024
0.97786122654361,0.970963428808318,0.970963428808318,0.970963428808318,0.974338931722741
0.996970971093106,0.989996575146506,0.989996575146506,0.989996575146506,0.997039817542827
0.705804851582798,0.947801935246389,0.705804851582798,0.705804851582798,0.705804851582798
1,1,1,1,1
1,0.967970689038339,0.996336130476266,0.967970689038339,0.967970689038339
0.853556864523853,0.96337155513902,0.853556864523853,0.992024417842913,0.853556864523853
0.991599938533909,0.99665676906443,0.962542313900485,0.962542313900485,0.962542313900485
1,0.995541218850121,0.995541218850121,0.999582149430353,0.995541218850121
0.938990034577728,0.989047916758864,0.941747014505381,0.938990034577728,0.938990034577728
1,1,1,1,1
0.950958792331221,0.777687485482602,0.777687485482602,0.777687485482602,0.824130630244326
0.778642394194321,0.778642394194321,0.871519965054176,0.875272944649623,0.778642394194321
0.993040645080328,0.998179808266286,0.993040645080328,0.993040645080328,1
0.949284809546953,0.974522825788881,0.967813822288008,0.949284809546953,0.949284809546953
0.835061471741938,0.835061471741938,0.926956521732791,0.835061471741938,0.835061471741938
1,0.995738419202098,0.995738419202098,0.995738419202098,1
0.683145504437562,0.683145504437562,0.683145504437562,0.994193294965953,0.863776001184306
0.736557228541642,0.997681230168382,0.736557228541642,0.736557228541642,0.809371671995905
0.926101007535181,0.812985845106596,0.812985845106596,0.908261204160226,0.812985845106596
0.883779069765296,0.87450443306443,0.87450443306443,0.932695271032571,0.87450443306443
1,1,0.959941558314313,0.959941558314313,0.959941558314313
0.968729552121658,1,0.983469267630426,0.968729552121658,0.968729552121658
1,1,1,1,1
1,1,1,1,1
0.994697337075195,0.994697337075195,0.994697337075195,1,1
1,1,1,1,1
1,0.990268391578866,0.990268391578866,0.990268391578866,1
1,0.998182962262945,0.998182962262945,1,0.998182962262945
0.930873521756439,0.8063325636831,0.930873521756439,0.8063325636831,0.8063325636831
0.983938929632131,0.970498621019942,0.970498621019942,0.970498621019942,0.983938929632131
1,0.993980782972358,0.993980782972358,0.993980782972358,1
0.88114106006833,0.901728833625384,0.901728833625384,0.88114106006833,0.88114106006833
0.88368518579955,0.78387743615167,0.78387743615167,0.913550618635782,0.78387743615167
0.821996081846009,0.821996081846009,0.821996081846009,0.880554094728723,0.87738354375324
0.955991768736567,0.955991768736567,0.921564573109208,0.921564573109208,0.921564573109208
0.993654468366003,0.993654468366003,1,0.99766855272901,0.993654468366003
1,0.989146063198859,0.989146063198859,0.989146063198859,0.989146063198859
0.803678574877267,0.898637137994228,0.803678574877267,1,0.803678574877267
0.976511826644128,0.900649957715359,0.963000912692223,0.900649957715359,0.900649957715359
1,1,1,1,1
1,1,1,1,1
0.815724963838875,0.906718724298116,0.815724963838875,0.815724963838875,0.815724963838875
0.930154015288281,0.910977768005978,0.930185836266901,0.910977768005978,0.910977768005978
0.99741865053511,1,0.99741865053511,1,0.99741865053511
0.759214113168127,0.761702651165251,0.759214113168127,0.759214113168127,0.845982396022009
0.969433808008034,0.981896751014574,0.98025564938871,0.969433808008034,0.969433808008034
0.994158878507733,0.994158878507733,1,1,0.994158878507733
0.623513978840492,0.611696168496564,0.611696168496564,0.642159777831694,0.611696168496564
0.722594843849947,0.974031478712277,0.722594843849947,0.72828458307049,0.722594843849947
1,1,1,1,1
1,1,1,1,1
0.924031429902243,0.938503313991532,0.924031429902243,0.924031429902243,0.964830816643371
0.885903375245107,0.978292521504045,0.885903375245107,0.947225893112773,0.885903375245107
1,1,1,1,1
0.945247544303129,0.945247544303129,0.87175445289904,0.87175445289904,0.87175445289904
0.914766378824424,0.914766378824424,0.914766378824424,1,1
1,1,1,1,1
0.816770905723388,0.801554641067924,0.801554641067924,0.801554641067924,0.816142972274974
1,0.997542606601201,0.997542606601201,0.997542606601201,1
1,1,1,1,1
1,1,1,1,1
0.98096890628949,0.98096890628949,0.98096890628949,0.989969011912763,0.98096890628949
1,1,1,1,1
0.898347855611064,0.888412698412139,0.909887990921561,0.888412698412139,0.888412698412139
0.82492307692155,0.703572649574198,0.754374044503493,0.703572649574198,0.703572649574198
1,1,1,1,1
0.994365685204684,0.998854860961728,0.994365685204684,0.998854860961728,0.994365685204684
1,1,0.962815586426586,0.962815586426586,0.962815586426586
0.976815149850154,0.783564425502846,0.783564425502846,0.915021781613177,0.783564425502846
0.701250195379544,0.701250195379544,0.906599463189195,0.701250195379544,0.718605945767194
1,1,1,1,1
0.894557823128707,0.947088999026164,0.947088999026164,0.894557823128707,0.894557823128707
0.652140729995153,0.438037456238817,0.438037456238817,0.468817614870204,0.438037456238817
1,1,1,1,1
0.770795735057618,0.934866792966204,0.770795735057618,0.770795735057618,0.79072808771889
0.941532743869175,0.941532743869175,0.977864450389461,0.941532743869175,0.974412614385074
1,1,1,1,1
0.999694096048188,0.999694096048188,1,1,0.999694096048188
0.744549774208281,0.689463879352843,0.689463879352843,0.689463879352843,0.72325653925509
0.886769417506002,0.886769417506002,0.934050254967588,0.908335462656396,0.886769417506002
1,1,1,1,1
1,1,1,1,1
0.828708061708312,0.738974054234859,0.941051412832167,0.738974054234859,0.738974054234859
0.884720198991999,0.884720198991999,0.953015655868512,0.884720198991999,0.953015655868512
0.810679714930302,0.837629372144875,0.810679714930302,0.810679714930302,0.810679714930302
0.646236552238406,0.646236552238406,0.944851313142863,0.646236552238406,0.646236552238406
0.989906690178032,0.954347142112965,0.954347142112965,0.981683900936332,0.954347142112965
0.837041633691115,0.837041633691115,0.90133164589497,0.837041633691115,0.973427344892116
0.938141446786176,0.938141446786176,0.938141446786176,0.974457544660254,0.978076989464171
1,1,1,1,1
0.785900925424357,0.785900925424357,0.845915691585105,0.785900925424357,0.800054436585924
0.754472445310967,0.79250765353936,0.903184713381052,0.754472445310967,0.754472445310967
1,1,1,1,1
0.832143884625111,0.974588359960762,0.849458333330404,0.832143884625111,0.832143884625111
0.852675369380449,0.795868746259657,0.795868746259657,0.795868746259657,0.811710002402833
0.945179584123252,0.976219936586858,0.945179584123252,0.945179584123252,0.976219936586858
0.753770014554902,0.874811875772139,0.498752022678673,0.498752022678673,0.498752022678673
0.979416766196664,0.979416766196664,0.979416766196664,0.985722817968053,1
0.945518513304705,0.947239909488417,0.910928970501118,0.910928970501118,0.910928970501118
1,1,1,1,1
1,1,1,1,1
0.998909475565597,0.986236065924459,0.998909475565597,0.986236065924459,0.986236065924459
1,1,1,1,1
0.702553375645948,0.702553375645948,0.792846469928918,0.849160072197265,0.702553375645948
0.706332802139514,0.751873322173196,0.706332802139514,0.706332802139514,0.753682532704261
0.964390162851487,0.964390162851487,0.96533252090012,0.999225392377411,0.964390162851487
1,0.907614652147458,1,0.907614652147458,0.907614652147458
0.992846276138152,0.992846276138152,0.992846276138152,1,0.992846276138152
0.793550854526984,0.673877104993153,0.785319255905051,0.673877104993153,0.673877104993153
0.920594545495987,0.550981633939955,0.550981633939955,0.550981633939955,0.550981633939955
0.750900900085981,0.828953400494356,0.902557656569115,0.750900900085981,0.750900900085981
0.730801026227709,0.767289153540332,0.730801026227709,0.75162003411242,0.730801026227709
1,0.994664001009369,0.977638084332284,0.977638084332284,0.977638084332284
0.604692976463411,0.604692976463411,0.604692976463411,0.742925637641747,0.746673786059546
0.992755228122405,0.993514206093096,0.993514206093096,0.992755228122405,0.992755228122405
0.999647407261364,1,1,0.999647407261364,0.999647407261364
0.991046461967926,0.997899213565688,0.991046461967926,0.991046461967926,0.991046461967926
0.959774227689195,0.959774227689195,0.984680607121845,0.970863329326676,0.959774227689195
0.895306784943386,0.908031463048246,0.927121066291875,0.895306784943386,0.895306784943386
0.997938364707807,0.997938364707807,1,0.997938364707807,1
1,1,1,1,1
0.991283313276654,1,0.991283313276654,0.991531610452512,0.991283313276654
1,1,1,1,1
1,1,1,1,1
0.686133458882978,0.686133458882978,0.686133458882978,0.803578104874759,0.729322720384516
0.944043137649714,0.914089267876989,0.965343703537656,0.914089267876989,0.914089267876989
1,1,1,1,1
0.814763657421281,0.814763657421281,0.936611389108293,0.814763657421281,0.985120280391129
0.861450959528156,0.990806794048694,0.91448095258238,0.861450959528156,0.861450959528156
0.99529881503986,0.927584982178814,0.927584982178814,0.995558738410182,0.927584982178814
0.980660463414097,0.966130322696699,0.966130322696699,0.966130322696699,0.980660463414097
0.987919883882569,0.925689606177912,0.953692106610106,0.925689606177912,0.925689606177912
0.892277976112382,0.965223772967875,0.892277976112382,0.892277976112382,0.965223772967875
0.905038502394746,0.868619809923985,0.96920531908836,0.868619809923985,0.868619809923985
0.915010549237195,0.915010549237195,0.915010549237195,0.915010549237195,1
0.834828010476485,0.912638950096152,0.834828010476485,0.834828010476485,0.834828010476485
0.94895082993753,0.949820109824941,0.975203418762248,0.94895082993753,0.94895082993753
1,1,1,1,1
1,0.878805257154454,0.878805257154454,0.97161916312325,0.878805257154454
0.912676816988096,0.912676816988096,0.936990230351512,0.936990230351512,0.912676816988096
1,0.986250069872767,0.986250069872767,0.986250069872767,1
0.998234162871086,0.998234162871086,1,0.998234162871086,0.998234162871086
1,1,1,1,1
1,1,1,1,1
1,1,1,1,1
1,1,1,1,1
0.458268614900589,0.458268614900589,0.479189908182889,0.63886877240293,0.458268614900589
1,0.97969422328606,0.97969422328606,0.97969422328606,0.97969422328606
0.673649198542989,0.611522368846636,0.611522368846636,0.996513654848968,0.611522368846636
0.878106405325525,0.806878519717429,0.806878519717429,1,0.806878519717429
0.994323873128451,0.994323873128451,1,1,0.994323873128451
0.869299172809406,0.846644452401961,0.690915357750782,0.690915357750782,0.690915357750782
0.612360802966577,0.374331550796342,0.786848880969046,0.374331550796342,0.374331550796342
0.905961284639488,0.905961284639488,1,0.999999999992724,0.905961284639488
1,1,1,1,1
0.926530612247007,0.970739682532439,0.937208492869104,0.926530612247007,0.926530612247007
0.969570054316137,0.969570054316137,0.969570054316137,0.986778366182989,0.986778366182989
0.875838926171127,0.786851435645076,0.786851435645076,0.786851435645076,0.971780000523722
0.915908795628638,0.990902385055961,0.915908795628638,0.915908795628638,0.915908795628638
0.708317316872126,0.845295343584439,0.708317316872126,0.826331489857694,0.708317316872126
0.998734126980708,1,0.998734126980708,1,0.998734126980708
0.820789478173538,0.820789478173538,0.820789478173538,0.820789478173538,0.972632168173732
1,1,1,1,1
1,0.997606774668384,1,0.997606774668384,0.997606774668384
1,1,1,1,1
0.931701271394559,0.855794545444951,0.947874250901805,0.855794545444951,0.855794545444951
0.611112183636578,0.611112183636578,0.611112183636578,0.730807472784363,0.70871916438773
0.937735828054429,0.971660168557719,0.937735828054429,1,0.937735828054429
0.88720448694221,0.885158587676415,0.885158587676415,0.88720448694221,0.885158587676415
1,1,1,1,1
0.908815370385128,0.970581688678067,0.908815370385128,0.908815370385128,0.970581688678067
1,1,1,1,1
0.718041234686098,0.646613486671413,0.646613486671413,0.725836947523931,0.646613486671413
0.625210398349736,0.625210398349736,0.625210398349736,0.818654990616778,0.68404633767932
1,1,1,1,1
0.924774331135268,0.835435195789614,0.911058638324903,0.835435195789614,0.835435195789614
0.983423891193524,0.983423891193524,0.983423891193524,0.995695782658004,1
0.995227242259716,1,0.995227242259716,0.995227242259716,0.995227242259716
0.939266920286173,0.864425827538071,0.864425827538071,0.864425827538071,0.953771640917694
0.800319036170549,0.800319036170549,0.800319036170549,0.884372246866405,1
1,0.942953984027554,0.942953984027554,1,0.942953984027554
1,1,1,1,1
0.586690075891966,0.91686610403849,0.586690075891966,0.795961995252583,0.586690075891966
0.537879593313846,0.537879593313846,0.537879593313846,0.783394417165255,0.566545987654536
1,1,1,1,1
0.879042245775054,0.879042245775054,0.915077501405904,0.879042245775054,0.879042245775054
1,0.980227714528155,0.980227714528155,1,0.980227714528155
0.876252723312064,0.997661365756358,0.876252723312064,0.934240569353278,0.876252723312064
0.91733131280489,0.987703832281113,0.978887993558601,0.91733131280489,0.91733131280489
0.996695003115747,0.996695003115747,0.996695003115747,1,1
0.647763887092879,0.590851480585115,0.770460137042392,0.590851480585115,0.590851480585115
1,1,1,1,1
1,1,1,1,1
0.88105333630665,0.88105333630665,0.91292311327561,0.88105333630665,0.91292311327561
1,1,1,1,1
0.596227203852322,0.596227203852322,0.639472041853878,0.596227203852322,0.700475518628082
0.557255303523561,1,0.557255303523561,0.557255303523561,0.962201318769075
0.988769606985443,1,0.988769606985443,0.998483261566435,0.988769606985443
0.88662930441933,0.897652521605778,0.882613420420967,0.882613420420967,0.882613420420967
0.996130353487388,0.996130353487388,1,0.996130353487388,1
1,0.978654853002809,0.978654853002809,1,0.978654853002809
1,1,1,1,1
0.80963354807318,0.848903093785339,0.80963354807318,0.80963354807318,0.823505872227543
0.736701752968656,0.736701752968656,0.736701752968656,0.942339042412641,0.848769919051847
0.859892449203471,0.781979487095668,0.781979487095668,0.781979487095668,0.966615973091393
0.996927727908769,0.996927727908769,0.996927727908769,1,1
0.970231090417656,0.970231090417656,0.970231090417656,0.996502983609389,0.996502983609389
1,1,1,1,1
1,0.892945354113181,0.929016308517021,0.892945354113181,0.892945354113181
0.960329498899227,0.960329498899227,0.966660585610953,0.966660585610953,0.960329498899227
0.775908429226547,0.833692169289861,0.775908429226547,0.802548894534993,0.775908429226547
1,1,1,1,1
1,1,1,1,1
1,1,1,1,1
0.995759520163119,0.993220811833453,0.993220811833453,0.993220811833453,1
1,1,1,1,1
1,1,1,1,1
0.989080531078798,0.989080531078798,0.788170804087713,0.788170804087713,0.788170804087713
0.921573598207033,0.857816136987822,0.867591060428822,0.857816136987822,0.857816136987822
0.934095291660924,0.917346504800662,0.934095291660924,0.917346504800662,0.917346504800662
0.875327652458509,0.94100046033418,0.980668785930902,0.875327652458509,0.875327652458509
0.799700513402058,0.778146724689577,0.778146724689577,0.801734619431954,0.778146724689577
1,1,1,1,1
0.890783657865541,0.890783657865541,0.969238137338834,0.959231686130806,0.890783657865541
0.937115499698848,0.912676056344935,0.858529331198952,0.858529331198952,0.858529331198952
1,1,1,1,1
1,1,1,1,1
0.950907557948085,0.818421995347308,0.818421995347308,0.818421995347308,0.835545003843436
0.708988628110092,0.900413723058591,0.768738140417554,0.708988628110092,0.708988628110092
0.902177462361578,0.859220405960514,0.859220405960514,0.859220405960514,0.93822884857218
1,1,1,1,1
1,1,1,1,1
0.922461321599258,0.922461321599258,0.995332354221318,0.922461321599258,0.995403189364879
0.876574803151016,0.980975035119627,0.876574803151016,0.980975035119627,0.876574803151016
0.821286043115833,0.856080327263044,0.976640412431152,0.821286043115833,0.821286043115833
0.724295302010432,0.724295302010432,0.724295302010432,0.768616495573951,0.724295302010432
0.735473486369301,0.865149124780146,0.810295896524622,0.735473486369301,0.735473486369301
0.99177771477116,1,0.99177771477116,0.99177771477116,1
0.93539703902934,1,0.93539703902934,1,0.93539703902934
0.910741616076848,0.84199243652256,0.84199243652256,0.966091977556061,0.84199243652256
0.877890039053455,0.753455948208284,0.612161938865029,0.612161938865029,0.612161938865029
0.945237059982901,0.945237059982901,1,0.945237059982901,1
1,0.950394083869469,0.950394083869469,0.950394083869469,0.950394083869469
0.999118347193871,0.953117781136825,0.999118347193871,0.953117781136825,0.953117781136825
0.758228793893068,0.826055880439526,0.758228793893068,0.826055880439526,0.758228793893068
0.957089329378505,0.928455485955055,0.928455485955055,0.989929742390814,0.928455485955055
1,0.58529580700997,0.58529580700997,0.783477194469015,0.58529580700997
0.465638245725131,0.545954618377436,0.465638245725131,0.465638245725131,0.885986052926455
1,1,1,1,1
0.984900715709955,0.984900715709955,0.984900715709955,0.99646992142516,0.995457544930105
0.993129388160014,0.993129388160014,0.999795464747876,1,0.993129388160014
0.870373452540662,0.733004942048865,0.733004942048865,0.843289541233389,0.733004942048865
0.699636792349338,0.699636792349338,0.699636792349338,0.845480728654366,0.699636792349338
0.971182149507513,0.971182149507513,0.971182149507513,0.971182149507513,0.975650221043907
0.956564793661528,0.799505200448039,0.872944956070569,0.799505200448039,0.799505200448039
0.880917002759816,0.880917002759816,0.91874084459414,0.880917002759816,0.97470380183222
0.868555370769172,0.971789475377591,0.868555370769172,0.868555370769172,0.922102480464673
0.924783716713137,0.924783716713137,1,0.987022118824825,0.924783716713137
1,1,0.9748705030579,0.9748705030579,0.9748705030579
0.938824998542259,0.938824998542259,0.938824998542259,0.999614745996951,0.980755779739411
0.416878733485646,0.416878733485646,0.824208880752849,0.731722393924429,0.416878733485646
1,1,0.99911863127636,0.99911863127636,0.99911863127636
0.949057029072719,0.949057029072719,0.949057029072719,0.949057029072719,0.970827289835142
0.984649791607808,0.976698335602123,1,0.976698335602123,0.976698335602123
0.85525458437769,0.85525458437769,0.867476155697659,0.864248813180893,0.85525458437769
0.928806758449355,1,0.536010709511174,0.536010709511174,0.536010709511174
1,1,1,1,1
0.542768608000188,0.777785815043899,0.79541281938873,0.542768608000188,0.542768608000188
0.832034894563549,0.896272855134157,0.832034894563549,0.832034894563549,0.917055296471517
0.999973390476953,0.999973390476953,0.999973390476953,0.999973390476953,1
1,1,1,1,1
0.92192402229557,0.92192402229557,0.950182173219218,0.92192402229557,0.946243363381654
0.995864038130094,0.993882380098512,0.993882380098512,1,0.993882380098512
1,1,1,1,1
0.914320685427811,0.935639215174888,0.914320685427811,0.917998779746995,0.914320685427811
0.894524812298187,0.750238684289798,0.750238684289798,0.750238684289798,0.750238684289798
0.873157906367851,0.815707731329894,0.815707731329894,0.815707731329894,0.873157906367851
0.906434546144737,0.906434546144737,0.961599712267343,0.906434546144737,0.961599712267343
0.839828149975801,0.839828149975801,0.839828149975801,0.868375497571833,0.840222905004339
1,1,1,1,1
1,0.96655054322764,1,0.96655054322764,0.96655054322764
1,1,1,1,1
1,1,1,1,1
0.845128530629154,0.845128530629154,0.845128530629154,0.845128530629154,0.900062419917958
0.994483425740327,0.914535156764032,0.978000938521291,0.914535156764032,0.914535156764032
0.910693743913725,0.910693743913725,0.946811079942563,0.946811079942563,0.910693743913725
0.897667966819427,0.938543679811119,0.846989092002332,0.846989092002332,0.846989092002332
0.765562908731226,0.990311385328823,0.765562908731226,0.765562908731226,0.821222005521122
0.963946406824107,0.889829974817985,0.889829974817985,0.889829974817985,0.98246911145543
1,1,1,1,1
1,1,1,1,1
0.990055610825948,0.935699051588017,0.935699051588017,0.935699051588017,1
1,1,1,1,1
0.891547875020478,0.891547875020478,0.891547875020478,0.999039083988464,0.942169035719417
0.687784269968688,0.687784269968688,0.687784269968688,0.7272371088402,0.729636992175074
0.9981621756815,0.9981621756815,1,1,0.9981621756815
0.844820055899618,0.844820055899618,0.844820055899618,0.980830338077794,0.936076170510205
0.796376850754314,0.84134620930854,0.796376850754314,0.796376850754314,0.819905213276797
0.916842105267278,0.996889558307885,0.916842105267278,0.916842105267278,0.930212492276041
1,1,1,1,1
0.616020088498772,0.812190715580073,0.616020088498772,0.616020088498772,0.757780084073602
0.792449557477084,0.792449557477084,0.848201934881217,0.792449557477084,0.902029225580918
0.954076566638832,0.988493067350646,0.954076566638832,0.954076566638832,0.954076566638832
0.651309122615203,0.991802628508594,0.651309122615203,0.823449195791909,0.651309122615203
1,0.920179346991063,1,0.920179346991063,0.920179346991063
0.889699120125442,0.693544108587957,0.77041848362569,0.693544108587957,0.693544108587957
0.987148102816718,0.987148102816718,0.987148102816718,1,0.987148102816718
1,1,1,1,1
0.993749823239341,0.993749823239341,1,0.993749823239341,1
0.900636123224103,0.900636123224103,0.916031663837202,0.900636123224103,0.916031663837202
0.994143962227099,0.89075604989921,0.871228713418532,0.871228713418532,0.871228713418532
1,1,1,1,1
0.932570494485844,0.932570494485844,0.967319542258338,0.951164887090272,0.932570494485844
0.989775297384767,0.970535150256183,0.970535150256183,0.987136502451904,0.970535150256183
0.777786109065346,0.777786109065346,0.82509368594765,0.777786109065346,0.777786109065346
0.768380527624686,0.897884666024765,0.768380527624686,0.768380527624686,0.768380527624686
0.724657373786613,0.724657373786613,0.962727049343812,0.724657373786613,0.738659576534701
1,1,1,1,1
0.522365279211954,0.522365279211954,0.658430725314247,0.841073454990692,0.522365279211954
1,0.994554049648286,0.994554049648286,1,0.994554049648286
0.82778015454096,0.82778015454096,1,0.82778015454096,0.913890240663022
0.988302417994419,0.988302417994419,1,1,0.988302417994419
0.948883158336685,0.948883158336685,0.948883158336685,0.948883158336685,0.967930995735514
1,1,1,1,1
1,1,1,1,1
0.569731912743009,0.62845072667551,0.667824199677852,0.569731912743009,0.569731912743009
0.953627835180669,0.955838116460654,0.955838116460654,0.953627835180669,0.953627835180669
0.989965248336375,0.894872007287631,0.894872007287631,0.894872007287631,0.894872007287631
0.978694774610631,0.978694774610631,0.998524912305584,0.978694774610631,0.978694774610631
1,1,1,1,1
0.932466585036309,0.932466585036309,0.957944282599783,0.932466585036309,0.939435434636835
0.672809312054596,0.910428296199825,0.672809312054596,0.672809312054596,0.875150337677042
0.616976992161653,0.93274359046336,0.616976992161653,0.616976992161653,0.676867715425033
1,1,1,1,1
0.950652173916751,1,0.928683347803599,0.928683347803599,0.928683347803599
0.973232481170271,0.973232481170271,0.992171207552019,1,0.973232481170271
0.955621221575711,0.960961287513783,0.960961287513783,0.955621221575711,0.955621221575711
0.655049438668357,0.655049438668357,0.655049438668357,0.689147955512453,0.858425455218821
0.945483244293428,0.988493471340917,0.954827290632238,0.945483244293428,0.945483244293428
0.910177932128136,0.919862561735499,0.910177932128136,0.910177932128136,0.927932862534362
0.899285203144245,0.891171066024981,0.891171066024981,0.891171066024981,0.906964610323485
0.977081621713296,0.77414134148421,0.977081621713296,0.77414134148421,0.77414134148421
1,0.998441963129153,1,0.998441963129153,0.998441963129153
0.961369897318946,0.84583014537202,0.84583014537202,0.885111520627106,0.84583014537202
1,1,1,1,1
1,1,1,1,1
1,1,1,1,1
1,1,1,1,1
1,1,0.923484732637007,0.923484732637007,0.923484732637007
1,1,1,1,1
0.984928287820367,0.984928287820367,0.985521319038526,0.984928287820367,0.985521319038526
0.998464465395955,0.998464465395955,0.998464465395955,1,0.998464465395955
1,0.981409285690461,0.981409285690461,1,0.981409285690461
1,1,1,1,1
1,1,1,1,1
1,1,1,1,1
0.984328837505018,0.984328837505018,0.984328837505018,1,0.984328837505018
0.988778205421113,0.988778205421113,0.995054978098779,0.988778205421113,1
1,1,1,1,1
0.999838707146409,0.974159615820099,0.928367748281744,0.928367748281744,0.928367748281744
0.910316260247782,0.947920336555399,0.910316260247782,0.910316260247782,0.935136005144159
1,0.994996218076267,0.994996218076267,0.994996218076267,1
1,1,1,1,1
0.992071923719777,1,0.992071923719777,0.997661719877215,0.992071923719777
0.971254099415091,1,0.971254099415091,0.971254099415091,0.971254099415091
0.785060734480794,0.723129784797493,0.664747724389599,0.664747724389599,0.664747724389599
1,0.888851200208592,0.888851200208592,0.90679361254297,0.888851200208592
1,0.954153562917782,0.967159681742487,0.954153562917782,0.954153562917782
0.99701871972502,0.971621341937862,0.971621341937862,0.974469763074012,0.971621341937862
0.832658890743915,0.822496197179134,0.796245673591329,0.796245673591329,0.796245673591329
0.864199066876608,0.478765219064371,0.822997866976948,0.478765219064371,0.478765219064371
0.814558406702417,0.814558406702417,0.967371075465053,0.814558406702417,0.955769939209858
0.977373701716715,0.977373701716715,0.977373701716715,1,0.988831391594431
0.988943000258587,0.988943000258587,0.992971409687016,1,0.988943000258587
1,1,1,1,1
0.999323618634662,1,0.999323618634662,0.999323618634662,0.999323618634662
0.996767294280289,0.858910145361733,0.858910145361733,0.858910145361733,0.858910145361733
0.957945458088943,0.956166754454898,0.906523055229627,0.906523055229627,0.906523055229627
0.998728549056977,1,1,0.998728549056977,0.998728549056977
0.997393707213632,0.997393707213632,1,0.997393707213632,1
0.998058746590686,0.998058746590686,1,0.998058746590686,0.998058746590686
1,1,0.999859943978663,0.999859943978663,0.999859943978663
0.737170316562697,0.737170316562697,0.737170316562697,0.911977087591367,0.910429416595434
0.824788359786908,0.824788359786908,0.824788359786908,0.835394116562384,0.836715768986323
0.840047968646104,0.840047968646104,0.883792976448603,0.928046086301038,0.840047968646104
0.847651235300873,0.936663084554311,0.847651235300873,0.936663084554311,0.847651235300873
0.746950027671119,0.801804241644277,0.746950027671119,0.769782068811764,0.746950027671119
1,0.96647090229817,0.96647090229817,1,0.96647090229817
1,1,1,1,1
1,1,1,1,1
0.843597449238587,0.843597449238587,0.891185994209081,0.843597449238587,0.843597449238587
0.658774373259803,0.658774373259803,0.893323044139834,0.658774373259803,0.879599937070452
0.963156168400019,0.963156168400019,0.963156168400019,0.986704471004487,0.963156168400019
0.862615219717554,0.714865679947252,0.714865679947252,0.856500500995026,0.714865679947252
0.999785298299685,0.940299478585075,0.999785298299685,0.940299478585075,0.940299478585075
0.999624113021127,0.989401496255596,0.989401496255596,1,0.989401496255596
1,1,0.999479927872017,0.999479927872017,0.999479927872017
0.961738414924184,0.852151790320931,0.777209484986088,0.777209484986088,0.777209484986088
1,1,1,1,1
1,0.997045827542024,0.997045827542024,0.997045827542024,1
1,1,1,1,1
0.840832927562587,0.840832927562587,0.840832927562587,0.840832927562587,0.857562187993608
0.769529575722117,0.769529575722117,0.769529575722117,0.876431879114534,0.876431879114534
1,1,1,1,1
0.822374980059976,0.822374980059976,0.840518909586535,0.823022140401008,0.822374980059976
0.927573818938981,0.934110332826094,0.927573818938981,0.998016864461533,0.927573818938981
0.998288124137616,1,0.998288124137616,0.998288124137616,1
1,1,1,1,1
0.915971664355311,1,0.915971664355311,0.915971664355311,1
0.592025680009101,0.753843554652121,0.592025680009101,0.592025680009101,0.620039395922504
0.90388520713168,0.90388520713168,0.92579988991929,0.9531619302943,0.90388520713168
0.904923943009635,0.920710809841694,0.791696388980199,0.791696388980199,0.791696388980199
0.94102002937143,0.963249001324584,0.931573260932055,0.931573260932055,0.931573260932055
0.916263215091021,0.849323964204814,0.849323964204814,0.849323964204814,0.914670007528912
0.996792375874065,1,0.996792375874065,0.999760337734187,0.996792375874065
0.988109460166015,0.988109460166015,1,0.988109460166015,1
0.997831194654282,0.980569929197372,0.980569929197372,0.980569929197372,0.997831194654282
0.843844492446806,0.843844492446806,0.972226715028228,0.843844492446806,0.972226715028228
0.892796345251554,0.944258764582628,0.892796345251554,0.892796345251554,1
0.874380165296316,0.777342988898454,0.777342988898454,0.858137948955118,0.777342988898454
0.712972393281234,0.712972393281234,0.733834971841134,0.712972393281234,0.897117784457805
0.861642512078106,0.753875212882122,0.753875212882122,0.753875212882122,0.753875212882122
1,0.869475615989359,0.869475615989359,0.869475615989359,0.869475615989359
0.797260432991607,0.797260432991607,0.97397685150645,0.797260432991607,0.873032891504408
1,1,1,1,1
1,1,1,1,1
0.951450494547316,0.975464201001159,0.975464201001159,0.951450494547316,0.951450494547316
1,1,1,1,1
1,0.980807916050253,0.980807916050253,0.980807916050253,1
0.676746729623119,0.642180209244543,0.642180209244543,0.642180209244543,0.676746729623119
0.681907433383458,0.846642912707466,0.681907433383458,0.681907433383458,0.681907433383458
0.974065133610566,0.988069728824485,0.988069728824485,0.974065133610566,0.974065133610566
1,1,1,1,1
0.730632405124197,0.730632405124197,0.73707809192274,0.730632405124197,0.740440901725378
0.992897957454261,0.992897957454261,0.992897957454261,1,0.992897957454261
0.997293988919409,0.997293988919409,1,1,0.997293988919409
1,0.976966800844821,0.976966800844821,0.998192816150549,0.976966800844821
0.86164470550284,0.86164470550284,0.86164470550284,0.86164470550284,1
1,1,1,1,1
1,1,1,1,1
0.846350496292871,0.687771763572528,0.687771763572528,0.687771763572528,0.978379552492697
0.966723980112874,0.854653168389632,0.841339269805758,0.841339269805758,0.841339269805758
0.881830318634456,0.718891484131746,0.718891484131746,0.718891484131746,0.718891484131746
0.839348738103581,0.839348738103581,0.986474964833178,0.839348738103581,0.839348738103581
0.942017899484199,0.680370615962602,0.799057190226449,0.680370615962602,0.680370615962602
0.783389926429663,1,0.701340237581462,0.701340237581462,0.701340237581462
0.986111023863486,0.996764837873343,0.986111023863486,0.996764837873343,0.986111023863486
0.472780569507449,0.655881737671734,0.501649140096561,0.472780569507449,0.472780569507449
0.630165175120055,0.606656048279547,0.606656048279547,0.704192202763807,0.606656048279547
0.774298038209963,0.755461251457746,0.774298038209963,0.755461251457746,0.755461251457746
0.978069845332357,0.934014476799348,0.934014476799348,0.934014476799348,0.934014476799348
0.965705227434228,0.920369443942036,0.980388688061794,0.920369443942036,0.920369443942036
0.999727067617641,0.999727067617641,0.999727067617641,1,0.999727067617641
1,1,1,1,1
0.996172315404692,0.996172315404692,1,0.996172315404692,1
0.761693376211042,0.761693376211042,0.82153321061196,0.761693376211042,0.761693376211042
1,0.925141242936661,0.925141242936661,0.925141242936661,0.956204379566771
0.989957068268268,0.975778999265458,0.975778999265458,0.975778999265458,0.989957068268268
1,0.959430864641035,0.959430864641035,0.959430864641035,1
1,1,1,1,1
0.999359330548032,1,0.999359330548032,0.999359330548032,1
0.986228357658547,1,0.986228357658547,0.986228357658547,1
0.732748060436279,0.809160209952097,0.732748060436279,0.732748060436279,0.809160209952097
0.884132774990576,0.892380357683578,0.884132774990576,0.884132774990576,0.887654770085646
0.884166439871478,0.800004499680654,0.911446032805543,0.800004499680654,0.800004499680654
0.855957618194225,0.898851798985561,0.855957618194225,0.861131697798555,0.855957618194225
0.575474609788216,0.575474609788216,1,0.575474609788216,0.575474609788216
0.91161223367817,0.989889789598237,0.997460299397062,0.91161223367817,0.91161223367817
0.998077339689189,0.987616703634558,0.983544364971749,0.983544364971749,0.983544364971749
0.975932132299931,1,1,0.975932132299931,0.975932132299931
1,1,1,1,1
0.935201649066585,0.835954344751372,0.835954344751372,0.835954344751372,0.935201649066585
0.998392113142472,0.998392113142472,0.953378713187703,0.953378713187703,0.953378713187703
1,0.991966257592139,0.847554092637438,0.847554092637438,0.847554092637438
0.481399090429477,0.481399090429477,0.481399090429477,0.823129602860718,0.817406153255433
1,1,1,1,1
0.889696508420457,0.889696508420457,0.978969072159089,0.978969072159089,0.889696508420457
0.600299170160724,0.620799056785472,0.600299170160724,0.600299170160724,0.838772905459336
0.999142498134461,0.999369070610555,1,0.999142498134461,0.999142498134461
0.650369269664225,0.380378917667258,0.380378917667258,0.419059405940061,0.380378917667258
1,1,1,1,1
1,1,1,1,1
0.992106691286608,0.998570132629538,0.992106691286608,1,0.992106691286608
0.98567391117831,0.995406901427486,0.995590038925002,0.98567391117831,0.98567391117831
0.997966699920653,0.997966699920653,0.997966699920653,1,0.999228243126709
0.89172805131966,0.776333983922086,0.776333983922086,0.909804089686077,0.776333983922086
1,1,0.935515857148857,0.935515857148857,0.935515857148857
0.907341078891477,0.907341078891477,0.907341078891477,0.978023988085624,0.97712221553229
0.769457395035715,0.802128631614323,0.769457395035715,0.856405980499403,0.769457395035715
1,1,1,1,1
0.767309714989096,0.655453939099971,0.86760722182953,0.655453939099971,0.655453939099971
0.590167672700773,0.576956999670074,0.696731162497599,0.576956999670074,0.576956999670074
0.990802539476135,0.990802539476135,0.990802539476135,0.990802539476135,0.999446131849254
0.660338926965778,0.836119813473488,0.660338926965778,0.677184769818268,0.660338926965778
0.771064354739792,0.771064354739792,0.84848094748304,0.883433123548457,0.771064354739792
1,0.933635790519475,0.933635790519475,0.933635790519475,1
0.828488695849956,0.798789127911732,0.798789127911732,0.942715218516241,0.798789127911732
0.887286579141801,0.93558082087111,0.887286579141801,0.887286579141801,0.93558082087111
0.988113513878488,0.944588243313774,0.848169256634719,0.848169256634719,0.848169256634719
0.78225600868609,0.78225600868609,0.78225600868609,0.78225600868609,0.954836668221105
0.436097092046111,0.436097092046111,0.436097092046111,0.583970199477335,0.630242311272013
1,1,1,1,1
0.854937824020453,0.897634166794887,0.829962428855652,0.829962428855652,0.829962428855652
0.379174852649157,0.379174852649157,0.379174852649157,0.787077489083458,0.686734106428048
0.998639797202486,0.990610042608751,0.990610042608751,0.990610042608751,1
1,1,1,1,1
1,1,1,1,1
1,1,1,1,1
0.880311515218636,0.927909646699845,0.880311515218636,0.927909646699845,0.880311515218636
0.973993756146228,0.973993756146228,0.983130483589775,0.973993756146228,0.973993756146228
0.994082482466183,0.989285526935419,0.99878822806204,0.989285526935419,0.989285526935419
0.878005806393048,0.878005806393048,0.926838310835592,0.878005806393048,0.878005806393048
0.842047531994467,0.842047531994467,1,0.97280025434884,0.842047531994467
1,1,1,1,1
0.98206980847317,1,1,0.98206980847317,0.98206980847317
0.999482241728401,1,0.999482241728401,0.999482241728401,0.999482241728401
1,1,1,1,1
0.988052429464005,0.994599000368908,0.985629584967683,0.985629584967683,0.985629584967683
0.605212904956716,0.923669655727281,0.605212904956716,0.605212904956716,0.864342722481524
1,1,1,1,1
1,1,1,1,1
1,1,1,1,1
1,0.987032086057297,0.987032086057297,0.987032086057297,0.990354235276754
0.829276300362835,0.687024953811488,0.687024953811488,0.687024953811488,0.687024953811488
0.796259481903689,0.967020716088882,0.842515571355761,0.796259481903689,0.796259481903689
0.665903329871071,0.665903329871071,0.665903329871071,0.786653189345088,0.697185735676612
0.860183230288385,0.91076143807004,0.860183230288385,0.860183230288385,0.882776899677992
0.550174397874798,0.512291921382712,0.512291921382712,0.512291921382712,0.665150512730179
0.875226661060879,0.718925115790626,0.836344653573178,0.718925115790626,0.718925115790626
0.833731137194263,0.9508353922065,0.903513391058368,0.833731137194263,0.833731137194263
0.972804093202285,0.883474842914438,0.972804093202285,0.883474842914438,0.883474842914438
0.945121280157764,0.945121280157764,1,0.945121280157764,0.947189463717223
0.984575004571525,0.984575004571525,0.998260125656088,0.984575004571525,0.984575004571525
0.470066024274274,0.465667002987175,0.470066024274274,0.465667002987175,0.465667002987175
0.618848499412707,0.657457016008266,0.658863340846437,0.618848499412707,0.618848499412707
0.77805399432691,0.77805399432691,0.923557836686086,0.887833689637773,0.77805399432691
1,1,1,1,1
0.777265649325273,0.832583258328668,0.777265649325273,0.791887262537784,0.777265649325273
0.837777936649218,0.873647711508966,0.944194086965581,0.837777936649218,0.837777936649218
1,1,1,1,1
1,1,1,1,1
0.863848484841583,0.921650947937451,0.5964336840334,0.5964336840334,0.5964336840334
0.996479568224458,0.929750738789153,0.781382500317704,0.781382500317704,0.781382500317704
0.502085879234073,0.502085879234073,0.590669266115583,0.703596214509162,0.502085879234073
0.98802547770174,0.98802547770174,0.98802547770174,1,0.98802547770174
1,0.973509069131978,0.989045803384215,0.973509069131978,0.973509069131978
0.665166786660848,0.554942109774856,0.554942109774856,0.554942109774856,0.950000000004366
0.995270563995291,1,0.982981616172765,0.982981616172765,0.982981616172765
1,1,1,1,1
0.995579071830434,0.995579071830434,0.995579071830434,1,0.995579071830434
1,0.978984089721052,0.978984089721052,0.978984089721052,0.991203307414253
1,1,1,1,1
0.996967546459928,0.996967546459928,1,1,0.996967546459928
1,0.983426093494927,0.983426093494927,0.983426093494927,1
0.97765897987847,0.877247758711746,0.877247758711746,0.877247758711746,0.917037636587338
0.970289324723126,0.807108911663818,0.838352774830128,0.807108911663818,0.807108911663818
0.995907776079548,1,0.995907776079548,0.995907776079548,1
1,1,1,1,1
0.663500055852637,0.663500055852637,0.663500055852637,0.87265575897618,0.727105001722521
0.80083678029041,0.80083678029041,0.80083678029041,0.80083678029041,0.906317344990384
0.91140478914167,0.97631268112309,0.91140478914167,0.91140478914167,0.91140478914167
0.998480353657214,0.998480353657214,1,0.998480353657214,1
1,1,1,1,1
1,0.997441299368802,1,0.997441299368802,0.997441299368802
0.940432457260613,0.915703592349018,0.958564314576506,0.915703592349018,0.915703592349018
0.848903204278031,0.965287939463451,0.848903204278031,0.848903204278031,0.857366771153465
1,1,1,1,1
0.945204377705522,0.945204377705522,0.978843465803948,0.945204377705522,0.978843465803948
0.999542211349763,1,0.999542211349763,0.999542211349763,0.999542211349763
0.931934669737529,0.931934669737529,0.931934669737529,0.933436283499759,0.931934669737529
0.999001081181632,0.783001100317051,0.783001100317051,0.79089233760169,0.783001100317051
1,0.964148744176782,0.964148744176782,0.964148744176782,0.969027297331195
0.975671035550477,0.936933073979162,0.936933073979162,0.936933073979162,0.975671035550477
1,1,1,1,1
1,1,1,1,1
0.599860911192081,0.177304964534414,0.177304964534414,0.177304964534414,0.207700101316732
0.900356750389619,0.987949812602892,0.900356750389619,0.900356750389619,0.900356750389619
0.999326585508243,0.986064284115855,0.986064284115855,0.986064284115855,0.999326585508243
0.951416497882747,0.951416497882747,1,0.965682938862301,0.951416497882747
0.970371133756998,0.970371133756998,0.986329065177415,0.970371133756998,0.986329065177415
0.584309109930473,0.602655997725378,0.71992193787446,0.584309109930473,0.584309109930473
0.998088594868022,0.998088594868022,0.998088594868022,1,1
0.931551983921963,0.702384246447764,0.702384246447764,0.702384246447764,0.768460601269908
0.944016838351672,0.944016838351672,0.944016838351672,0.944444444445253,0.944444444445253
0.770662139220804,0.853945116825344,0.813769985245017,0.770662139220804,0.770662139220804
0.992487832198094,0.992487832198094,0.992487832198094,1,1
0.986837432828906,0.976960103675083,0.986837432828906,0.976960103675083,0.976960103675083
1,0.969519957005105,0.969519957005105,0.969519957005105,0.969519957005105
0.913896604244655,0.913896604244655,0.913896604244655,0.940349047414202,0.913896604244655
1,1,1,1,1
0.963976423321583,0.974367234237434,0.963976423321583,0.963976423321583,0.986635316752654
1,1,1,1,1
1,1,1,1,1
0.840991717464931,0.840991717464931,0.852679423733207,0.884023248836456,0.840991717464931
0.97869197458931,0.97869197458931,1,0.997437858510239,0.97869197458931
0.900692840652482,0.973665765493934,0.900692840652482,0.934414739160275,0.900692840652482
0.946208788845979,0.891958236657956,0.979611135793675,0.891958236657956,0.891958236657956
1,1,1,1,1
0.980390256903775,0.802987259703514,0.945698321862437,0.802987259703514,0.802987259703514
1,1,1,1,1
1,1,0.996656591865758,0.996656591865758,0.996656591865758
0.788106804982817,0.506515079607198,0.506515079607198,0.549826696013042,0.506515079607198
0.999641568028892,0.999641568028892,1,1,0.999641568028892
0.986209590417275,0.986209590417275,0.986209590417275,1,1
0.55099985482957,0.55099985482957,0.55099985482957,0.891281124968373,0.587944147111557
0.547142857139988,0.552941992784326,0.547142857139988,0.547142857139988,0.602262002612406
0.983834695281985,0.960491689162154,0.960491689162154,0.960491689162154,0.983834695281985
0.734886340920639,0.734886340920639,0.855601731229399,0.734886340920639,0.734886340920639
1,1,1,1,1
0.997659239328641,0.997659239328641,0.999122470711882,0.997659239328641,0.997659239328641
0.768878806025896,0.882492167431337,0.768878806025896,0.768878806025896,0.890120424177439
0.953104914042342,0.953104914042342,0.969992320657184,0.969992320657184,0.953104914042342
0.38805030585354,0.38805030585354,0.38805030585354,0.694257613147784,0.38805030585354
0.857745796289237,0.930235649655515,0.857745796289237,0.857745796289237,0.889743636937055
0.74843458871328,0.74843458871328,0.75421138008096,0.74843458871328,0.901682233212341
0.901697418994445,0.966996675291739,0.901697418994445,0.901697418994445,0.946495055461128
0.807433237954683,0.928402631405334,0.825971626130922,0.807433237954683,0.807433237954683
0.818974948291725,0.818974948291725,0.970151266730682,0.923906644376984,0.818974948291725
0.81431060932664,0.553240292523697,0.553240292523697,0.81297242949222,0.553240292523697
0.961918342618446,0.858270875869493,0.93966041078238,0.858270875869493,0.858270875869493
0.592156319289643,0.858701166922401,0.592156319289643,0.592156319289643,0.592156319289643
0.724179963384813,0.787756693527626,0.724179963384813,0.724179963384813,0.947187824735011
0.994085489212011,0.994085489212011,1,0.998578511651431,0.994085489212011
1,1,1,1,1
0.987310637334303,0.99467056409776,0.987310637334303,0.987310637334303,0.99467056409776
1,1,1,1,1
0.741777340466797,0.723335488037264,0.723335488037264,0.723335488037264,0.741777340466797
0.835604671294277,0.835604671294277,0.905571879491617,0.835604671294277,0.862830123958702
1,1,1,1,1
0.831737831344071,0.937499999992724,0.937499999992724,0.831737831344071,0.831737831344071
1,1,1,1,1
1,0.987525720171107,0.987525720171107,1,0.987525720171107
0.931382074319117,0.999948102784401,0.931382074319117,1,0.931382074319117
0.874159384307859,0.518115942024451,0.518115942024451,0.779366895505518,0.518115942024451
0.990947383972525,0.983519452456676,0.983519452456676,0.983519452456676,0.990947383972525
0.496008761772828,0.496008761772828,0.496008761772828,0.782703932265576,0.914747823939251
1,1,1,1,1
1,0.999199288671662,0.998828270348895,0.998828270348895,0.998828270348895
0.752241386238893,0.752241386238893,0.752241386238893,0.879209430386254,0.802406363269256
1,0.996332623435592,0.996332623435592,0.996332623435592,0.996332623435592
0.887975710626051,0.914667896671745,0.914667896671745,0.887975710626051,0.887975710626051
1,1,1,1,1
0.985467495069315,0.985467495069315,1,0.985467495069315,1
0.941032725248078,1,0.941032725248078,1,0.941032725248078
0.871637838929018,0.665679746765818,0.665679746765818,0.665679746765818,0.871637838929018
0.812928131585068,0.82799936937954,0.82799936937954,0.812928131585068,0.812928131585068
0.713177204619569,0.694692193057563,0.791689557918289,0.694692193057563,0.694692193057563
0.749239183169266,0.883661751278851,0.816467694829043,0.749239183169266,0.749239183169266
0.874659601082385,0.874659601082385,0.914033601286064,0.914363757990941,0.874659601082385
1,1,1,1,1
1,1,1,1,1
0.813989443944592,0.808760744585015,0.808760744585015,0.811830634243961,0.808760744585015
1,1,1,1,1
0.98097542461619,0.817880439812143,0.817880439812143,0.817880439812143,1
0.795359312083747,0.807003778165381,0.795359312083747,0.906786377243407,0.795359312083747
1,0.961893093779508,0.961893093779508,0.961893093779508,0.974379693092487
0.953510677696613,0.92079601225123,0.933390549464093,0.92079601225123,0.92079601225123
0.988187484828813,0.964296111204021,0.922481916633842,0.922481916633842,0.922481916633842
0.887310643411183,0.887310643411183,0.78661570634722,0.78661570634722,0.78661570634722
0.973621190896665,0.973621190896665,0.998287461778091,0.973621190896665,0.998287461778091
0.989493850815052,0.989493850815052,0.989493850815052,1,0.989493850815052
1,0.959288396210468,0.959288396210468,0.959288396210468,1
0.643471095514542,0.700716845873103,0.784999999996217,0.643471095514542,0.643471095514542
0.874947444004647,0.869616463220154,0.869616463220154,0.874947444004647,0.869616463220154
0.982394162281707,0.982394162281707,0.982394162281707,1,1
0.981598813690653,0.973831344272185,0.946203771927685,0.946203771927685,0.946203771927685
1,1,1,1,1
0.793554770854826,0.793554770854826,0.85330814660847,0.847741248137027,0.793554770854826
0.929410720425949,0.924195521198271,0.924195521198271,0.924195521198271,0.924195521198271
0.9595819811002,0.9595819811002,0.990843773826782,0.9595819811002,0.99033534006594
0.853772217225924,0.853772217225924,0.963067449811206,0.991429115099891,0.853772217225924
0.874623595773301,0.874623595773301,0.994038164608355,0.874623595773301,0.953017189465754
0.878395685045689,0.878395685045689,0.878395685045689,0.878395685045689,0.908393477198842
0.851115177771135,0.851115177771135,0.967483931010065,0.851115177771135,0.921433222778433
1,0.799764953299018,0.993125839675486,0.799764953299018,0.799764953299018
1,1,1,1,1
0.95776927924453,0.95776927924453,0.95776927924453,0.982827704639931,0.982827704639931
0.848591256515647,0.848591256515647,0.976422138272028,0.848591256515647,0.976422138272028
0.941520144500828,0.908992520569882,0.908992520569882,0.96157276530721,0.908992520569882
1,1,1,1,1
0.950556417788903,0.950556417788903,0.988285874504072,0.950556417788903,0.988285874504072
1,1,0.998019132755871,0.998019132755871,0.998019132755871
0.924051771631639,0.924051771631639,0.880271126174193,0.880271126174193,0.880271126174193
1,1,1,1,1
0.830546497971227,0.743699108184956,0.743699108184956,0.743699108184956,0.919110985771113
0.647768128525058,0.740013787806674,0.833810248172085,0.647768128525058,0.647768128525058
1,0.96106943286577,0.964639326171891,0.96106943286577,0.96106943286577
0.872798309101199,0.742002995895746,0.742002995895746,0.742002995895746,0.843001375316817
0.86658313692169,0.752227026772744,0.752227026772744,0.759398151501955,0.752227026772744
0.960408022125193,0.786635480624682,0.786635480624682,0.786635480624682,0.8205576870605
0.982615670982341,0.982615670982341,0.982615670982341,0.984275532980973,0.993314674931753
0.954980432485172,0.737439549870032,0.737439549870032,0.737439549870032,0.927141114669212
0.965927750403353,0.989362451924535,0.989362451924535,0.965927750403353,0.965927750403353
1,1,1,1,1
0.709297811255965,0.703941455903987,0.719838017881557,0.703941455903987,0.703941455903987
1,1,1,1,1
0.994121643576364,1,1,0.994121643576364,0.994121643576364
0.860903495275124,0.860903495275124,0.963436488214938,0.860903495275124,0.944676485676609
0.961415939564176,0.961415939564176,0.961415939564176,0.966666666667152,0.966666666667152
0.996614282928931,0.994267018621031,0.996614282928931,0.994267018621031,0.994267018621031
0.612840889349172,0.612840889349172,0.810513288168295,0.809830863734533,0.612840889349172
0.589551199118432,0.644173798551492,0.66905429034523,0.589551199118432,0.589551199118432
0.971885492741421,0.971885492741421,1,0.987794516862778,0.971885492741421
1,1,1,1,1
0.992861973099934,1,0.992861973099934,0.992861973099934,1
0.858477541223692,0.858477541223692,0.858477541223692,0.863851758746023,0.863851758746023
0.794873270941025,0.794873270941025,0.952155936211057,0.794873270941025,0.963419143627107
0.86388734094362,0.878472406657238,0.86388734094362,0.86388734094362,0.878472406657238
1,0.998058053963177,0.998058053963177,0.998058053963177,1
1,1,1,1,1
1,1,1,1,1
1,1,1,1,1
0.908342018759868,0.908342018759868,0.999834811991605,0.908342018759868,0.908342018759868
0.993556493071083,0.993556493071083,0.993556493071083,1,0.993556493071083
0.557351591727638,0.557351591727638,0.978526639904885,0.644760479037359,0.557351591727638
1,1,1,1,1
0.740291048648942,0.773239413516421,0.740291048648942,0.773239413516421,0.740291048648942
0.937067072831269,0.981004512395884,0.937067072831269,0.977688300532463,0.937067072831269
0.57324255034473,0.719417242718919,0.634738081549585,0.57324255034473,0.57324255034473
1,1,1,1,1
0.990332632522041,0.975815039804729,0.975815039804729,0.975815039804729,0.990332632522041
1,1,1,1,1
0.975101455020194,0.903584426785528,0.673855771245144,0.673855771245144,0.673855771245144
0.991838345078577,0.991838345078577,1,0.991838345078577,1
0.966865521455475,0.966865521455475,0.966865521455475,1,0.997066452786385
1,1,1,1,1
1,0.976518571311317,1,0.976518571311317,0.976518571311317
0.928675534283684,0.928675534283684,1,0.928675534283684,0.928675534283684
0.932871256802173,0.917408826302562,0.917408826302562,0.917408826302562,0.938091662777879
0.977498653497605,0.935728382210073,0.935728382210073,0.966548517906631,0.935728382210073
1,1,1,1,1
0.924560328341613,0.924560328341613,0.924560328341613,0.983682724188839,0.938193726477039
0.949459834104346,0.912456402591488,0.99620873726235,0.912456402591488,0.912456402591488
0.955812953157874,0.955812953157874,0.968237168061023,0.955812953157874,0.968237168061023
1,1,1,1,1
0.9997355197047,0.9997355197047,1,0.9997355197047,1
0.979224248840183,0.9892772992971,1,0.979224248840183,0.979224248840183
0.961194932744547,0.927421327629418,0.961194932744547,0.927421327629418,0.927421327629418
1,1,1,1,1
0.813369829767908,0.704683836804179,0.704683836804179,0.813369829767908,0.704683836804179
1,1,1,1,1
1,0.995006307821313,0.995006307821313,0.995006307821313,1
0.922833759839705,0.783244680853386,0.905336721734784,0.783244680853386,0.783244680853386
1,0.904911852507212,0.997551071668568,0.904911852507212,0.904911852507212
1,1,1,1,1
0.983493174171599,0.983493174171599,0.983493174171599,1,0.987476861169853
1,1,1,1,1
1,1,1,1,1
1,1,1,1,1
0.999932967468339,0.999932967468339,0.999932967468339,1,0.999932967468339
1,1,1,1,1
0.897531597824127,0.87059815973771,0.87059815973771,0.897531597824127,0.87059815973771
1,1,1,1,1
0.787678053420677,0.930798104665882,0.787678053420677,0.787678053420677,0.787678053420677
0.796736759184569,0.796736759184569,0.796736759184569,0.884146740376309,0.885684318542189
0.920972644373251,0.920972644373251,0.920972644373251,0.980542393379437,0.95392325931607
1,0.998154092834739,1,0.998154092834739,0.998154092834739
1,1,1,1,1
0.802805675113632,0.854652762740443,0.802805675113632,0.828477673632733,0.802805675113632
1,1,1,1,1
1,0.996926095489471,0.996926095489471,1,0.996926095489471
0.820400624645117,0.820400624645117,0.993382574808493,0.820400624645117,0.874232381982438
0.993709176480479,0.98828189791675,0.98828189791675,0.98828189791675,0.993709176480479
1,1,1,1,1
0.86460377820913,0.994837202284543,0.86460377820913,0.86460377820913,0.975790438365948
1,1,1,1,1
0.93913569162396,0.987023507237609,0.93913569162396,0.93913569162396,0.983830012621183
0.805908080590598,0.805908080590598,0.869129438717209,0.805908080590598,0.849623314825294
0.915699011260585,0.915699011260585,0.915699011260585,0.915699011260585,0.937948426340881
0.898695017189311,0.879638009042537,0.879638009042537,0.879638009042537,0.880949432401394
0.846195277197694,0.846195277197694,0.973175056300533,0.846195277197694,0.870056854073482
0.673845516670553,0.854577917612914,0.673845516670553,0.673845516670553,0.701577063322475
1,1,1,1,1
0.922688960643427,0.922688960643427,0.988034692061774,0.922688960643427,0.9831912374284
0.947588762464875,0.947588762464875,0.974390116221912,0.947588762464875,0.97030183464085
0.972008112650656,0.996116572488972,0.972008112650656,0.996116572488972,0.972008112650656
0.881960734324821,0.97659506159107,0.890246375340212,0.881960734324821,0.881960734324821
1,1,1,1,1
0.994507598756172,0.84964290716016,0.84964290716016,0.84964290716016,0.932329173760081
0.966390011548356,0.966390011548356,1,0.989859988454555,0.966390011548356
0.8942183772524,0.824971204790927,0.824971204790927,0.839565375958045,0.824971204790927
0.999494916490221,0.999494916490221,1,0.999494916490221,1
0.755936433859461,0.912145392074308,0.755936433859461,0.755936433859461,0.807155564551067
1,0.972648867355019,0.972648867355019,0.972648867355019,0.972648867355019
1,1,1,1,1
0.93184747792111,0.947437902774254,0.947437902774254,0.93184747792111,0.93184747792111
0.713964630507689,0.713964630507689,0.713964630507689,0.713964630507689,0.822969378983544
0.877694414673897,0.75537005528895,0.75537005528895,0.885567765573796,0.75537005528895
0.712129754516354,0.712129754516354,0.712129754516354,0.77854932606715,0.931824067352863
1,0.991639729378221,0.991639729378221,1,0.991639729378221
1,1,1,1,1
1,1,1,1,1
1,1,1,1,1
1,1,0.906113224358705,0.906113224358705,0.906113224358705
1,1,1,1,1
0.88303502517374,0.783650591220066,0.783650591220066,0.783650591220066,0.847802304844663
1,0.969046054065984,0.969046054065984,0.969046054065984,1
0.99857781855826,0.99857781855826,0.99857781855826,0.99857781855826,1
0.965817390511802,0.995089243551774,0.965817390511802,0.965817390511802,0.972241084287816
1,1,1,1,1
0.932714603644854,0.932714603644854,0.986441746812488,0.986441746812488,0.932714603644854
0.889646621209977,0.875185703516763,0.861327542901563,0.861327542901563,0.861327542901563
0.799133498374431,0.783962726833124,0.724537529233203,0.724537529233203,0.724537529233203
0.98248903289641,0.955287699332985,0.996432414955052,0.955287699332985,0.955287699332985
1,0.977519803818723,0.977168378485658,0.977168378485658,0.977168378485658
0.875615321267105,1,0.888082925484923,0.875615321267105,0.875615321267105
0.983856132959772,0.985265440634976,0.983856132959772,0.983856132959772,0.985265440634976
1,0.990770756085112,0.990770756085112,0.990770756085112,0.990770756085112
0.981201842550945,0.981201842550945,0.981201842550945,1,0.981201842550945
0.976927336487279,0.976927336487279,1,0.976927336487279,0.986067357349384
1,1,1,1,1
0.997757867524342,0.997757867524342,0.997757867524342,1,1
1,1,1,1,1
0.991116397541191,0.986306076367327,0.986306076367327,0.996300186183362,0.986306076367327
0.987488986291282,0.834388432187552,0.834388432187552,0.98057628787501,0.834388432187552
1,1,1,1,1
1,1,1,1,1
0.945309299473593,0.945309299473593,0.945309299473593,0.994995517998177,0.994995517998177
1,1,1,1,1
0.977960174066538,0.98893512388895,0.977960174066538,1,0.977960174066538
0.745435625773098,0.650377516773005,0.738698696433858,0.650377516773005,0.650377516773005
0.878482129577606,0.982387200892845,0.878482129577606,0.878482129577606,0.881747862404154
1,1,1,1,1
0.671471915928123,0.671471915928123,0.76992935405724,0.883563704752305,0.671471915928123
1,1,1,1,1
0.963875205248769,0.94566010467679,0.94566010467679,0.974644870708289,0.94566010467679
0.913738998344343,0.913738998344343,0.894643688872748,0.894643688872748,0.894643688872748
0.773353751916147,0.788509703408636,0.773353751916147,0.773353751916147,0.809445860730193
0.949147755462036,0.880109440935485,0.880109440935485,0.880109440935485,0.882849771391193
1,1,1,1,1
0.974815371919249,0.974815371919249,0.998601398598112,0.974815371919249,0.990994049418077
1,1,0.957712494848238,0.957712494848238,0.957712494848238
0.80759497712279,0.889505673512758,0.80759497712279,0.80759497712279,0.843846223004221
0.619049363980594,0.619049363980594,0.844759137231449,0.619049363980594,0.670816102188837
0.611777970399999,0.737430522473005,0.611777970399999,0.611777970399999,0.754642726773454
0.995889515565068,0.971528479953122,0.971528479953122,0.995889515565068,0.971528479953122
1,0.999394211139588,0.999394211139588,0.999394211139588,1
0.70992896437383,0.70992896437383,0.70992896437383,0.70992896437383,0.935048645500501
0.971342901313619,0.947994454611035,0.947994454611035,0.947994454611035,1
0.960393340887094,0.960393340887094,0.960393340887094,0.988916921975033,0.992542036568921
0.872220832890889,0.879277448148059,0.872220832890889,0.879277448148059,0.872220832890889
0.998048680288775,0.998048680288775,0.997028114034038,0.997028114034038,0.997028114034038
0.750359830191883,0.750359830191883,0.750359830191883,0.950919973001874,0.917137939519307
0.985763349126501,0.985763349126501,1,0.985763349126501,0.992077216717007
0.959892537059204,1,1,0.959892537059204,0.959892537059204
0.879270686047676,0.879270686047676,1,0.957195795657753,0.879270686047676
0.773855613755586,0.561819448594179,0.561819448594179,0.561819448594179,0.701542544375116
1,0.923097099868755,0.910175195480406,0.910175195480406,0.910175195480406
